{"cameraMode":{"drawMode":0,"name":"Shaded","section":"Shading Mode"},"sceneLighting":true,"audioPlay":false,"sceneViewState":{"showFog":true,"showMaterialUpdate":true,"showSkybox":true,"showFlares":true,"showImageEffects":true,"showParticleSystems":true},"in2DMode":false,"pivot":{"x":12.626543045043946,"y":8.379803657531739,"z":-7.319509506225586},"rotation":{"x":-0.000014815703252679668,"y":0.9999249577522278,"z":-0.012309285812079907,"w":-0.0011988463811576367},"size":10.0,"orthographic":false}